<!--
    Application: SpriteCreator
    Version: 0.241
    Copyright: sgGaming
-->

<root>

    <!-- Application font -->
    <fontmanager>
        <AppFont Name="Arial" Size="16" Style="0" Quality="True"/>
    </fontmanager>
    
    <!-- Application interface -->
    <interface>
        <Picture X="0" Y="0" Texture="abGroup/sgGaming/Games/Nylox/CSprite/Resource/Background.png" Enabled="True"/>
        <Canvas X="0" Y="0" Width="640" Height="480" ViewportX="640" ViewportY="480" Enabled="True" Name="cvViewer"/>
        <Label X="450" Y="460" Width="300" Height="64" Font="AppFont" Auto="True" Caption="0/0 Files Parsed" Name="lblStatus" Enabled="True" R="1" G="0" B="0" A="1"/>
        <Button X="0" Y="430" Texture="abGroup/sgGaming/Games/Nylox/CSprite/Resource/button.png" Font="AppFont" Caption="Start" OverTexture="abGroup/sgGaming/Games/Nylox/CSprite/Resource/button-over.png" Enabled="True" Name="startButton" R="0" G="0.4" B="0.34" A="0.95"/>
    </interface>
    
    <!-- Appliaction custom -->
    <custom>
        <Directory Recursive="Sprite/" Save="Sprite.lst"/>
    </custom>
</root>
